"#","Class","Recommended file","Drive file ID","Folder","Version","Size (GB)","All versions found","Ambiguity","Notes"
"1","2023 Vegan Christmas Dinner Class","2023 vegan Christmas dinner.mp4","1wyc8KbeZpFsQ7i1YRQrBnTdley0klREb","Recordings","Compressed","0.93","Compressed: 2023 vegan Christmas dinner.mp4 (0.93 GB, Recordings)","Medium","Only file for this class: a 0.9 GB re-export uploaded 2024-02-21 with the other compressed copies (classes are usually ~3 GB). The original recording is not in Drive. Check it runs the whole class."
"2","2023 Vegan Thanksgiving Cooking Class","2023 thanksgiving compressed.mp4","126AGxYVha9jyRalpsNVCRTnkE-jRDz04","Recordings","Compressed","3.08","Compressed: 2023 thanksgiving compressed.mp4 (3.08 GB, Recordings) | Raw (large): 2023 thanksgiving.mp4 (5.98 GB, Recordings) | Raw (large): 2023 thanksgiving.mov (5.98 GB, Recordings) | Raw: 2023 Vegan Thanksgiving Dinner Class.mp4 (2.85 GB, Recordings)","Medium","Two different 2023 exports: the 6 GB edit (and its compressed copy) and a separately named 2.8 GB recording from the same evening. Confirm which one members watch."
"3","A Colosseum of Vegan Eggs","A Colosseum of Vegan Eggs.mov","1Iu0Sosrg77uiDmnrh3VFn6A0ufjGahjJ","Recordings","Raw","1.63","Raw: A Colosseum of Vegan Eggs.mov (1.63 GB, Recordings)","None",""
"4","A Vegan Hanukkah Kitchen: Root Veggies & Rituals","Hanukkah Class.mov","1H33D8Q_kmwugs1RN7qKEQ-jN_b09RAiZ","Recordings","Raw","1.74","Raw: Hanukkah Class.mov (1.74 GB, Recordings)","Low","File is named ""Hanukkah Class"" (Dec 2025). ""Vegan Potato Kugel.mp4"" (0.58 GB) is a recipe video, not this class."
"5","Approachable Vegan Desserts","Approachable Vegan Desserts.mp4","1HOSZZzATPVEEbHL6evgRdXX7FICrlL_u","Recordings","Raw","1.52","Raw: Approachable Vegan Desserts.mp4 (1.52 GB, Recordings)","None",""
"6","Around the World in Vegan Donuts","Around the world in vegan donuts.mov","1FgqGdHhCwdRATjnN6EZUDjc0G2vEks1q","Recordings","Raw","2.23","Raw: Around the world in vegan donuts.mov (2.23 GB, Recordings)","Low","2025 class. ""Supreme vegan donut making bonanza.mp4"" (2022) and ""Cake donut mastery.mp4"" are different classes."
"7","Bangin' Tex-Mex Casseroles","Bangin' Tex Mex Casseroles.mov","1BwvoFkfcCgBlzWw4NX12PU3yfb1UrYl1","Recordings","Raw","1.70","Raw: Bangin' Tex Mex Casseroles.mov (1.70 GB, Recordings)","None","""Tex Mex Casseroles.mov"" (0.12 GB, another folder) is a promo clip."
"8","Eastern European Jewish Vegan Food","Eastern European Vegan Cuisine.mp4","1sAQwN8xz0wxp8DNbzIWhJdN57eza3ucO","Recordings","Raw","3.17","Raw: Eastern European Vegan Cuisine.mp4 (3.17 GB, Recordings)","Low","File name says ""Cuisine"", not ""Jewish Food""; only candidate."
"9","Easy, Healthy Vegan Lunches","Easy Healthy Lunches Final.mp4","1EVt1BFETwderJ5VuvcwDfg8q983igMPd","Edited","Final","3.27","Final: Easy Healthy Lunches Final.mp4 (3.27 GB, Edited) | Raw: Healthy Lunches.mp4 (1.34 GB, Recordings)","None",""
"10","Essential Mexican Salsas","Essential Salsas.mov","11SAUj-q0HLSrUm0N7YE7r15rOL9BZAva","Recordings","Raw","1.57","Raw: Essential Salsas.mov (1.57 GB, Recordings)","None",""
"11","Gluten-Free Vegan Masterclass","Gluten Free Master Final.mp4","1v8cwizk0fNEte1MDgk9TSlq9J5Fua98U","Edited","Final","3.61","Final: Gluten Free Master Final.mp4 (3.61 GB, Edited) | Raw: Gluten free master class.mp4 (3.28 GB, Recordings) | Copy: Gluten Free Master Final.mp4 (3.61 GB, Recordings)","None",""
"12","Homestyle Moroccan Cooking","Homestyle Moroccan Cooking.mov","1shWZGCVjQ8_-XsuQJimLCvFUcENltVKL","Recordings","Raw","2.20","Raw: Homestyle Moroccan Cooking.mov (2.20 GB, Recordings)","None",""
"13","Legacy Vegan Cooking Class","Beastmode Class VU.mov","1HZu3GWIODzzQY1w9o4Nz9Fch7DVOgKQV","Recordings","Raw","2.73","Raw: Beastmode Class VU.mov (2.73 GB, Recordings) | Raw: Beastmode Burger Workshop.mov (1.24 GB, Recordings) | Raw: Vegan Burger Making Class-2.mp4 (0.48 GB, Recordings)","High","The site describes this class as gourmet burgers (Beastmode Burger thumbnail). Three burger recordings exist: the 2025 Beastmode workshop (1.2 GB), a ""VU"" version of it a day later (2.7 GB), and a 2022 ""Burger Making Class-2"" that looks like part 2 of an older class."
"14","Make Better Meat, Vegan","Final- Make Better Meat, Vegan.mp4","1wpsTtv4bTZudrQeb4sS4_GB6vYL4KOVW","Edited","Final","2.20","Final: Final- Make Better Meat, Vegan.mp4 (2.20 GB, Edited) | Raw: Make Better Meat, Vegan.mp4 (2.34 GB, Recordings)","None",""
"15","Make the Best Plant-Based Pizza","Plant Based Pizza Compressed.mp4","1DcqtUciooqXLSu10OXB_6u3M0BgeV5r8","Recordings","Compressed","3.71","Compressed: Plant Based Pizza Compressed.mp4 (3.71 GB, Recordings) | Raw (large): plant based pizza.mp4 (18.10 GB, Recordings) | Raw (large): plant based pizza.mov (7.95 GB, Recordings) | Copy: plant based pizza (1782194485899).mov (7.95 GB, Recordings)","Low","Compressed (3.7 GB) was made the same day as the 7.9 GB edit; check it is the full class before skipping the 18 GB master."
"16","Malaysian Vegan Cuisine","Malaysian Vegan Cuisine.mp4","1ejK7CD1qNkTYLu8HTuFPosH8XmOJkG1r","Recordings","Raw","2.80","Raw: Malaysian Vegan Cuisine.mp4 (2.80 GB, Recordings)","None",""
"17","Plant-Based Cheese School","Plant-Based Chesse School.mp4","1cK3XI_iaL8HMbMlqYVRDkevQl6yg4t3s","Edited","Final","3.17","Final: Plant-Based Chesse School.mp4 (3.17 GB, Edited) | Raw: plant based cheese school.mp4 (1.39 GB, Recordings) | Copy: Plant-Based Chesse School.mp4 (3.17 GB, Recordings)","None","""Fantastic Creations With Artisan Vegan Cheese.mp4"" (2023) is a different class, not in the 51."
"18","Punjabi Thali Cuisine","punjabi thali cuisine.mp4","11pPpQP_xG45iLKWnOUqJYqJCDanFhVn0","Recordings","Raw","3.11","Raw: punjabi thali cuisine.mp4 (3.11 GB, Recordings)","None",""
"19","Saigon Flavor: Vegan Vietnamese Cooking Class","SaigonFlavors - Final.mp4","1kAsRzZOuhvum59iU4iplkFUlrYRUsYB0","Edited","Final","2.94","Final: SaigonFlavors - Final.mp4 (2.94 GB, Edited) | Raw: Saigon Flavors: Vegan Vietnamese Cooking.mp4 (3.30 GB, Recordings)","None",""
"20","Sattvic Vegan Indian Cuisine","Sattvic Vegan Indian.mp4","1Tf8is2NGpcr6VdPBID3Pe4CW5_aVvByk","Recordings","Raw","3.05","Raw: Sattvic Vegan Indian.mp4 (3.05 GB, Recordings)","None",""
"21","Seitan Masterclass","Seitan Masterclass.mp4","1ylwRWwlwxETHvezCrh3GT-_oGMtdqjfy","Edited","Final","3.40","Final: Seitan Masterclass.mp4 (3.40 GB, Edited) | Raw: Seitan Masterclass.mp4 (1.68 GB, Recordings)","Low","Both files have the same name; migrate by ID (the 3.4 GB one in Edited)."
"22","Southern Vegan BBQ Class Pack","Vegan Southern Cuisine.mp4","1_2ZJhoNB3laPxjKLzADfJewE0sNHVBwh","Recordings","Raw","2.74","Raw: Vegan Southern Cuisine.mp4 (2.74 GB, Recordings) | Raw: Plant Chaos Vegan BBQ.mp4 (3.68 GB, Recordings)","High","A ""class pack"" is probably several recordings. Likely Vegan Southern Cuisine (2023) and Plant Chaos Vegan BBQ (2022); Korean BBQ Seitan and Indonesian BBQ are separate classes."
"23","Spooky Vegan Halloween Party Prep","Spooky Halloween Treats.mov","1brXbqPb7SK_70N8jrMee0DM4khAiVAFt","Recordings","Raw","2.17","Raw: Spooky Halloween Treats.mov (2.17 GB, Recordings)","Low","File says ""Treats"", class says ""Party Prep""; only Halloween recording."
"24","The best falafel and vegan meze","Falafel and meze.mp4","1pNUUUQrAP0Qsy2DG2clJsw2PlDXU6qjW","Recordings","Raw","2.80","Raw: Falafel and meze.mp4 (2.80 GB, Recordings)","None","The catalog also lists ""The Best Falafel and Vegan Mezze""; same class, same video."
"25","The best plant-based tacos","The Best Plant-Based Tacos.mp4","1kDXGV9sUypt1lFJHnmxuEb9d_X1llJ0y","Recordings","Raw","3.77","Raw: The Best Plant-Based Tacos.mp4 (3.77 GB, Recordings)","None",""
"26","The Green Reaper: Vegan Salad Bible","The Green Reaper- Vegan Salad Bible.mov","1sDdmnw4ctGwtlHV5oZ-M3gTOEzhBKNwt","Recordings","Raw","1.62","Raw: The Green Reaper- Vegan Salad Bible.mov (1.62 GB, Recordings)","None","""Salad Class.mov"" (0.15 GB, another folder) is a promo clip."
"27","The Perfect Vegan Brunch Cooking Class","The Perfect vegan brunch.mp4","1_OvTUcTDs2RKKQ_IE0MxQZ2NCzDXgUbP","Recordings","Raw","2.51","Raw: The Perfect vegan brunch.mp4 (2.51 GB, Recordings)","Low","Other brunch recordings are other classes: Killer Vegan Brunch (2021), Brunch in 45 mins (2022), Mother's Day Brunch (2024)."
"28","Vegan Cake Donut Mastery","Cake donut mastery.mp4","1ZarNBZkHQCm7jFH0sPJTD3vm3aU47OTn","Recordings","Raw","3.51","Raw: Cake donut mastery.mp4 (3.51 GB, Recordings)","None",""
"29","Vegan Christmas Bundle Of Yummy","Big Vegan Christmas Dinner.mp4","1vmWd9d6UG1y1QdYgH0ML22yv-NMRk76J","Recordings","Raw","3.04","Raw: Big Vegan Christmas Dinner.mp4 (3.04 GB, Recordings) | Compressed: Vegan Holiday Gifts and Stocking Stuffers.mov (3.41 GB, Recordings) | Raw (large): Vegan Holiday Gifts and Stocking Stuffers.mp4 (7.77 GB, Recordings)","High","A ""bundle"": probably the 2022 Big Vegan Christmas Dinner plus Holiday Gifts and Stocking Stuffers (the 3.4 GB .mov is a later re-export of the 7.8 GB original). The 2023 Christmas dinner is its own class."
"30","Vegan Dairy Crash Course","Vegan Dairy Crash Course Final.mp4","1pyLqspY5TFIm50hYFHMDKEQgPC52aZBv","Edited","Final","3.50","Final: Vegan Dairy Crash Course Final.mp4 (3.50 GB, Edited) | Raw: Vegan Dairy Crash Course.mp4 (3.15 GB, Recordings)","None",""
"31","Vegan Dim Sum and Then Some","Vegan Dim Sum and Then Some.mp4","1jPZp3K0BIi-aIADzLMRBoLddHYl55gdS","Recordings","Raw","3.11","Raw: Vegan Dim Sum and Then Some.mp4 (3.11 GB, Recordings)","None",""
"32","Vegan Easter Dinner Class","Vegan Easter Compressed.mp4","19G_o9LIAfIaVvbBmmq5DwVkEVJQIQLYF","Recordings","Compressed","3.06","Compressed: Vegan Easter Compressed.mp4 (3.06 GB, Recordings) | Raw (large): Vegan Easter Dinner.mp4 (9.00 GB, Recordings)","Low","Compressed copy of the 9 GB master, made the next day."
"33","Vegan Empanadas Made Easy","vegan empanadas made easy.mp4","1c_9UzQc2EhYWdAwgycIT6b7QtR0DW5sE","Recordings","Raw","1.42","Raw: vegan empanadas made easy.mp4 (1.42 GB, Recordings)","None",""
"34","Vegan Filipino Cooking Class","Vegan Filipino Cuisine.mp4","1A-LKRq05eVN4QP2jsdJVnqbGVCKhJMLX","Edited","Final","2.78","Final: Vegan Filipino Cuisine.mp4 (2.78 GB, Edited) | Raw: Vegan Filipino Cuisines PART 1.mp4 (3.57 GB, Recordings) | Raw: Vegan Filipino Cuisine PART2.mp4 (3.86 GB, Recordings) | Copy: Vegan Filipino Cuisine.mp4 (2.78 GB, Recordings)","Medium","The edit (2.8 GB) should join Part 1 and Part 2 (7.4 GB together). Check it covers both parts."
"35","Vegan Freezer Meals","Vegan Freezer Meals.mp4","1QWAh6L0RGx4fp9O5RCu_5he3ZwF-fPPL","Edited","Final","2.21","Final: Vegan Freezer Meals.mp4 (2.21 GB, Edited) | Raw: Vegan Freezer Meals.mov (1.82 GB, Recordings)","None",""
"36","Vegan Indonesian BBQ","Indonesian BBQ.mov","1Vmkn35UC0AJWSlYVtL9MgikTJmQpLKyG","Recordings","Raw","1.58","Raw: Indonesian BBQ.mov (1.58 GB, Recordings)","None",""
"37","Vegan Italian American Cooking Class","Italian American Classics Final 2.mp4","1WojBNYCwbJHGTcNzoUKrN1ll4UlFUodz","Edited","Final","2.33","Final: Italian American Classics Final 2.mp4 (2.33 GB, Edited) | Raw: Italian American Classics.mp4 (3.46 GB, Recordings) | Reels (not a class): Italian American Reels.mp4 (0.05 GB, Edited)","Low","""Final 2"" implies an earlier Final that is not in Drive. ""Italian Vegan Cooking Class.mp4"" (2022) is a different class."
"38","Vegan Italian Desserts","Italian Vegan Desserts.mov","1Da91LQsuhioi5AbKRJafFH97Arh38Fj2","Recordings","Raw","1.97","Raw: Italian Vegan Desserts.mov (1.97 GB, Recordings)","None",""
"39","Vegan Korean Fried Chicken Workshop","Vegan Korean Fried Chicken Workshop.mov","1LwxxTNm4csTkUwmG4YcvxSSGgIq-sbus","Recordings","Raw","1.21","Raw: Vegan Korean Fried Chicken Workshop.mov (1.21 GB, Recordings)","None",""
"40","Vegan Mediterranean Cooking Class","Vegan Mediterranean.mp4","1B7E0v8kGqme1ScmvwmBVtOqVJVmMEcIV","Recordings","Raw","3.46","Raw: Vegan Mediterranean.mp4 (3.46 GB, Recordings)","None",""
"41","Vegan Mexican Cooking","Vegan Mexican Cuisine.mp4","1g0XVeRm4DHDPgPepW-K3_sGtDNc3qGbg","Recordings","Raw","1.44","Raw: Vegan Mexican Cuisine.mp4 (1.44 GB, Recordings)","Low","Tacos, Salsas and Tortas are their own classes; this is the general Mexican class."
"42","Vegan Mother's Day Cook-Along Brunch","Mother's Day Brunch.mp4","1WhJH5n-HMT_IRahr0Lw417A6omZ5-vAi","Recordings","Raw","2.08","Raw: Mother's Day Brunch.mp4 (2.08 GB, Recordings)","None",""
"43","Vegan Passover Prep-Along","Vegan Passover Prep-Along Final.mp4","1ewzoqzOMKukInBxWwP2HuJgMYua70fI8","Edited","Final","3.23","Final: Vegan Passover Prep-Along Final.mp4 (3.23 GB, Edited) | Raw: Vegan Passover Prep-Along.mov (2.07 GB, Recordings)","None",""
"44","Vegan Sandwich Hall of Fame Cooking Class","Vegan Sandwich Hall of Fame.mp4","1TLIwCbPjjtosgUIPEB7yszqYCpwK0gwh","Recordings","Raw","3.32","Raw: Vegan Sandwich Hall of Fame.mp4 (3.32 GB, Recordings)","None",""
"45","Vegan Shabbat Dinner","Vegan Shabbat Dinner.mov","1DHeo7F4fUHhxtMIs6itHJNKJ8ULJ6Q2V","Recordings","Raw","1.70","Raw: Vegan Shabbat Dinner.mov (1.70 GB, Recordings)","None",""
"46","Vegan Soup Workshop","Soup's On.mov","19JUEi3R3PzBtmPc2m2Ur_-DxtS_Pv4cH","Recordings","Raw","2.11","Raw: Soup's On.mov (2.11 GB, Recordings) | Copy: Soup's On (1781806906740).mov (2.11 GB, Recordings)","Medium","Recording is titled ""Soup's On"" (Feb 2026); confirm it is the Soup Workshop."
"47","Vegan Thai Kitchen Adventures","Thai Kitchen Adventures Fix 1.mp4","110NQtcTw7uLjO-BfheKNV5SG0XrNaOVq","Edited","Final","3.06","Final: Thai Kitchen Adventures Fix 1.mp4 (3.06 GB, Edited) | Raw: Vegan Thai kitchen adventures.mp4 (2.34 GB, Recordings)","Low","Edited file is named ""Fix 1""; confirm it is the approved cut."
"48","Vegan Thanksgiving Training Camp","20 Day Vegan Thanksgiving Recipes .mp4","19pRNWaDKgrztboJ4Op9xs_V75M1MW1OW","Recordings","Raw (large)","10.96","Raw (large): 20 Day Vegan Thanksgiving Recipes .mp4 (10.96 GB, Recordings) | Raw: 2022 Thanksgiving Class.mp4 (2.97 GB, Recordings) | Raw: 2021 Thanksgiving Vegan Cooking Class.mp4 (1.51 GB, Recordings) | Raw (private class): 2024 Private Thanksgiving Class.mov (1.37 GB, Recordings)","High","""Training Camp"" may be the 20-day recipe series (11 GB, Nov 2022) or a set of Thanksgiving classes (2021, 2022). The 2024 class is marked Private."
"49","Vegan Turkish Cuisine","Turkish Vegan Cuisine Final.mp4","1ehekXMA35-fc7-yGyugMDX8PJMKlPt3S","Edited","Final","2.98","Final: Turkish Vegan Cuisine Final.mp4 (2.98 GB, Edited) | Raw: Turkish Cuisine.mp4 (2.55 GB, Recordings) | Raw (large): Turkish vegan cuisine.mp4 (18.05 GB, Recordings) | Copy: Turkish vegan cuisine (1782177025424).mp4 (18.05 GB, Recordings)","None",""
"50","Vegan Valentine's Treats","Valentine's Treats.mov","1xyrmtGTh7E2cIahwq88ujlSbGVOq3PY3","Recordings","Raw","1.51","Raw: Valentine's Treats.mov (1.51 GB, Recordings) | Raw: Vegan Valentines.mp4 (3.40 GB, Recordings)","Medium","Two Valentine's classes: ""Valentine's Treats"" (Feb 2025, name matches) and ""Vegan Valentines"" (Feb 2022). Confirm which the class page uses."
"51","Veganized Chinese Takeout Classics","american chinese food class.mp4","1lylGVLQKOkme8cBDFHo_NkYuL0JbcTeq","Recordings","Raw","3.00","Raw: american chinese food class.mp4 (3.00 GB, Recordings)","Medium","Only Chinese-food recording (Sept 2022), named ""american chinese food class"". Confirm."
